,Hour,Days_since_UNIX,PM2.5,PM10,Temp/K,Humidity
0,20,20043.833333333332,8.0,18.7,299.54999999999995,94.24566
1,20,20043.836805555555,8.3,17.9,299.45,94.61142
2,20,20043.840277777777,8.0,17.0,299.54999999999995,94.61142
3,20,20043.84375,8.5,15.6,299.54999999999995,94.24566
4,20,20043.847222222223,7.9,13.4,299.65,94.24566
5,20,20043.850694444445,8.5,14.2,299.45,94.88573999999998
6,20,20043.854166666668,7.9,12.4,299.45,95.06862
7,20,20043.85763888889,8.6,16.6,299.54999999999995,95.16006
8,20,20043.86111111111,8.0,14.3,299.54999999999995,95.2515
9,20,20043.864583333332,10.0,18.0,299.54999999999995,95.52582
10,20,20043.868055555555,8.8,17.9,299.65,94.97718
11,20,20043.871527777777,10.0,18.1,299.65,94.97718
12,21,20043.875,8.9,17.0,299.75,94.51998
13,21,20043.878472222223,7.8,13.7,299.75,94.61142
14,21,20043.881944444445,7.6,17.2,299.54999999999995,95.34293999999998
15,21,20043.885416666668,7.9,14.6,299.54999999999995,95.61726
16,21,20043.88888888889,8.4,17.7,299.54999999999995,95.61726
17,21,20043.89236111111,7.8,14.0,299.54999999999995,95.34293999999998
18,21,20043.895833333332,9.0,15.5,299.65,95.06862
19,21,20043.899305555555,7.8,14.1,299.75,94.88573999999998
20,21,20043.902777777777,8.2,13.0,299.75,94.97718
21,21,20043.90625,8.8,14.4,299.54999999999995,95.52582
22,21,20043.909722222223,8.7,16.0,299.54999999999995,95.52582
23,21,20043.913194444445,9.3,16.7,299.65,95.52582
24,22,20043.916666666668,8.8,15.4,299.65,95.52582
25,22,20043.92013888889,8.7,16.1,299.54999999999995,95.43438
26,22,20043.92361111111,8.6,16.0,299.45,95.80013999999998
27,22,20043.927083333332,8.9,15.7,299.54999999999995,95.80013999999998
28,22,20043.930555555555,8.3,13.8,299.54999999999995,95.80013999999998
29,22,20043.934027777777,9.1,16.0,299.65,95.2515
30,22,20043.9375,10.7,21.5,299.65,95.2515
31,22,20043.940972222223,10.2,21.2,299.65,95.06862
32,22,20043.944444444445,9.8,19.1,299.65,95.06862
33,22,20043.947916666668,10.4,18.2,299.54999999999995,96.07446
34,22,20043.95138888889,10.9,22.1,299.65,95.80013999999998
35,22,20043.95486111111,11.9,20.2,299.65,95.80013999999998
36,23,20043.958333333332,14.9,24.0,299.65,95.43438
37,23,20043.961805555555,12.4,20.1,299.54999999999995,95.2515
38,23,20043.965277777777,11.5,21.5,299.45,95.52582
39,23,20043.96875,13.4,21.4,299.45,96.1659
40,23,20043.972222222223,11.8,17.2,299.54999999999995,95.61726
41,23,20043.975694444445,11.6,19.5,299.54999999999995,95.52582
42,23,20043.979166666668,12.3,20.9,299.45,95.80013999999998
43,23,20043.98263888889,11.5,18.2,299.54999999999995,95.7087
44,23,20043.98611111111,11.4,17.9,299.45,95.7087
45,23,20043.989583333332,11.2,22.4,299.54999999999995,95.80013999999998
46,23,20043.993055555555,11.6,20.4,299.54999999999995,95.80013999999998
47,23,20043.996527777777,14.7,31.2,299.54999999999995,95.80013999999998
48,0,20044.0,13.7,23.5,299.65,95.43438
49,0,20044.003472222223,12.4,18.6,299.65,95.43438
50,0,20044.006944444445,11.5,20.3,299.54999999999995,95.61726
51,0,20044.010416666668,13.7,23.4,299.45,95.98302
52,0,20044.01388888889,12.6,21.4,299.54999999999995,96.1659
53,0,20044.01736111111,16.4,28.7,299.54999999999995,96.07446
54,0,20044.020833333332,15.2,21.5,299.65,95.7087
55,0,20044.024305555555,17.2,29.4,299.65,95.61726
56,0,20044.027777777777,13.8,25.3,299.54999999999995,95.43438
57,0,20044.03125,13.2,24.3,299.45,95.89158
58,0,20044.034722222223,17.6,29.9,299.54999999999995,95.7087
59,0,20044.038194444445,14.3,24.9,299.65,95.80013999999998
60,1,20044.041666666668,14.3,22.5,299.54999999999995,95.7087
61,1,20044.04513888889,13.6,22.5,299.54999999999995,95.80013999999998
62,1,20044.04861111111,13.1,21.3,299.54999999999995,95.61726
63,1,20044.052083333332,15.6,23.8,299.45,95.7087
64,1,20044.055555555555,13.3,20.6,299.45,95.61726
65,1,20044.059027777777,15.5,23.7,299.45,95.98302
66,1,20044.0625,12.8,24.0,299.45,95.89158
67,1,20044.065972222223,13.1,21.1,299.34999999999997,96.1659
68,1,20044.069444444445,15.2,23.1,299.45,95.52582
69,1,20044.072916666668,18.5,29.0,299.45,95.52582
70,1,20044.07638888889,15.1,23.2,299.45,95.43438
71,1,20044.07986111111,12.3,17.6,299.34999999999997,95.7087
72,2,20044.083333333332,11.1,17.7,299.34999999999997,95.7087
73,2,20044.086805555555,10.1,16.2,299.34999999999997,95.2515
74,2,20044.090277777777,11.0,15.1,299.34999999999997,95.43438
75,2,20044.09375,9.9,13.4,299.34999999999997,95.52582
76,2,20044.097222222223,10.5,14.5,299.34999999999997,95.52582
77,2,20044.100694444445,11.0,19.0,299.25,95.52582
78,2,20044.104166666668,8.8,11.9,299.34999999999997,95.52582
79,2,20044.10763888889,10.0,15.9,299.25,95.80013999999998
80,2,20044.11111111111,12.5,22.2,299.45,95.2515
81,2,20044.114583333332,10.5,14.9,299.45,95.43438
82,2,20044.118055555555,10.7,15.3,299.34999999999997,95.34293999999998
83,2,20044.121527777777,9.5,16.1,299.34999999999997,95.34293999999998
84,3,20044.125,9.2,12.4,299.34999999999997,95.52582
85,3,20044.128472222223,8.6,12.4,299.34999999999997,95.43438
86,3,20044.131944444445,10.2,16.2,299.25,96.80597999999999
87,3,20044.135416666668,8.9,15.2,299.25,95.98302
88,3,20044.13888888889,11.0,16.3,299.45,95.61726
89,3,20044.14236111111,8.0,12.3,299.34999999999997,95.61726
90,3,20044.145833333332,9.4,13.6,299.25,96.1659
91,3,20044.149305555555,10.7,18.8,299.15,95.98302
92,3,20044.152777777777,10.9,15.7,299.34999999999997,95.34293999999998
93,3,20044.15625,10.1,13.8,299.34999999999997,95.34293999999998
94,3,20044.159722222223,11.2,15.9,299.34999999999997,95.7087
95,3,20044.163194444445,9.6,14.2,299.34999999999997,95.61726
96,4,20044.166666666668,9.7,15.9,299.34999999999997,95.43438
97,4,20044.17013888889,11.1,17.9,299.45,95.16006
98,4,20044.17361111111,14.3,18.1,299.45,94.97718
99,4,20044.177083333332,11.1,15.3,299.25,95.7087
100,4,20044.180555555555,11.9,15.8,299.25,95.7087
101,4,20044.184027777777,11.3,15.2,299.34999999999997,95.80013999999998
102,4,20044.1875,11.8,17.5,299.34999999999997,95.34293999999998
103,4,20044.190972222223,12.2,17.9,299.34999999999997,95.7087
104,4,20044.194444444445,10.6,16.8,299.34999999999997,95.7087
105,4,20044.197916666668,11.7,18.1,299.25,95.80013999999998
106,4,20044.20138888889,9.7,12.3,299.25,95.89158
107,4,20044.20486111111,11.5,16.4,299.25,95.7087
108,5,20044.208333333332,10.4,15.5,299.34999999999997,95.61726
109,5,20044.211805555555,9.9,13.4,299.15,95.80013999999998
110,5,20044.215277777777,11.0,16.0,299.25,95.80013999999998
111,5,20044.21875,9.5,13.4,299.15,95.80013999999998
112,5,20044.222222222223,11.5,14.5,299.15,95.98302
113,5,20044.225694444445,9.3,14.2,299.15,95.89158
114,5,20044.229166666668,10.3,15.7,299.15,95.98302
115,5,20044.23263888889,9.5,14.9,299.15,95.89158
116,5,20044.23611111111,11.1,15.0,299.15,95.98302
117,5,20044.239583333332,12.9,20.0,299.25,95.43438
118,5,20044.243055555555,11.4,19.3,299.25,95.34293999999998
119,5,20044.246527777777,10.0,13.6,299.25,95.43438
120,6,20044.25,12.1,16.1,299.15,95.43438
121,6,20044.253472222223,11.6,15.1,299.25,95.34293999999998
122,6,20044.256944444445,11.4,18.0,299.15,95.06862
123,6,20044.260416666668,13.1,17.2,299.15,95.06862
124,6,20044.26388888889,11.3,15.9,299.15,95.7087
125,6,20044.26736111111,13.8,24.6,299.15,95.61726
126,6,20044.270833333332,10.3,15.3,299.15,95.61726
127,6,20044.274305555555,12.1,15.9,299.15,83.73006
128,6,20044.277777777777,10.7,14.9,299.15,95.52582
129,6,20044.28125,10.2,15.8,299.04999999999995,95.61726
130,6,20044.284722222223,9.9,16.9,299.04999999999995,95.61726
131,6,20044.288194444445,9.6,13.9,299.15,95.7087
132,7,20044.291666666668,9.1,13.1,299.25,95.43438
133,7,20044.29513888889,8.8,13.5,299.25,95.61726
134,7,20044.29861111111,9.9,14.7,299.25,95.61726
135,7,20044.302083333332,9.3,12.0,299.34999999999997,95.61726
136,7,20044.305555555555,9.1,12.8,299.25,95.80013999999998
137,7,20044.309027777777,10.9,15.5,299.25,95.7087
138,7,20044.3125,9.5,12.8,299.34999999999997,95.52582
139,7,20044.315972222223,8.9,12.8,299.54999999999995,95.52582
140,7,20044.319444444445,8.1,13.8,299.45,95.52582
141,7,20044.322916666668,8.8,11.7,299.45,95.52582
142,7,20044.32638888889,8.5,13.0,299.65,93.60558
143,7,20044.32986111111,9.7,14.0,299.65,95.34293999999998
144,8,20044.333333333332,8.0,12.6,299.75,95.2515
145,8,20044.336805555555,8.2,13.3,299.65,95.16006
146,8,20044.340277777777,7.3,10.2,299.75,95.06862
147,8,20044.34375,7.6,11.1,299.75,94.97718
148,8,20044.347222222223,7.0,11.2,299.75,94.42853999999998
149,8,20044.350694444445,7.7,11.3,299.75,94.42853999999998
150,8,20044.354166666668,6.8,10.7,299.84999999999997,94.70286
151,8,20044.35763888889,5.7,9.3,299.95,94.06278
152,8,20044.36111111111,5.8,7.9,299.95,94.06278
153,8,20044.364583333332,4.9,7.7,299.95,93.51413999999998
154,8,20044.368055555555,4.2,8.5,300.15,92.78262
155,8,20044.371527777777,4.5,7.5,300.25,93.23982
156,9,20044.375,4.7,8.7,300.25,92.78262
157,9,20044.378472222223,4.8,9.8,300.34999999999997,92.78262
158,9,20044.381944444445,4.5,6.1,300.34999999999997,92.78262
159,9,20044.385416666668,4.6,7.9,300.45,92.23398
160,9,20044.38888888889,4.8,6.9,300.45,92.23398
161,9,20044.39236111111,4.9,7.9,300.75,91.31958
162,9,20044.395833333332,4.1,5.9,300.75,90.49662
163,9,20044.399305555555,3.5,6.0,300.75,89.67366
164,9,20044.402777777777,3.1,5.7,300.75,88.57638
165,9,20044.40625,3.6,6.7,300.75,89.30789999999999
166,9,20044.409722222223,3.3,6.3,300.75,89.39934
167,9,20044.413194444445,4.0,7.2,300.95,88.75926
168,10,20044.416666666668,3.6,7.5,301.15,88.94214
169,10,20044.42013888889,2.8,5.7,301.15,88.39349999999999
170,10,20044.42361111111,3.1,5.9,301.34999999999997,88.02774
171,10,20044.427083333332,2.7,4.7,301.34999999999997,87.29621999999999
172,10,20044.430555555555,2.4,4.3,301.45,86.83901999999999
173,10,20044.434027777777,2.3,3.8,301.54999999999995,86.74758
174,10,20044.4375,2.3,4.6,301.54999999999995,86.5647
175,10,20044.440972222223,2.4,4.8,301.65,86.1075
176,10,20044.444444444445,2.3,3.6,301.65,84.82733999999999
177,10,20044.447916666668,2.5,3.3,301.75,85.92461999999999
178,10,20044.45138888889,3.1,5.2,301.75,85.55886
179,10,20044.45486111111,2.7,5.3,301.75,84.64446
180,11,20044.458333333332,2.5,4.0,301.84999999999997,83.91293999999999
181,11,20044.461805555555,3.0,5.8,301.84999999999997,84.09581999999999
182,11,20044.465277777777,1.9,5.1,301.95,83.08998
183,11,20044.46875,2.2,3.2,302.04999999999995,82.9071
184,11,20044.472222222223,2.4,4.3,302.34999999999997,82.4499
185,11,20044.475694444445,2.5,4.8,302.25,82.72421999999999
186,11,20044.479166666668,2.6,5.8,302.04999999999995,82.35846
187,11,20044.48263888889,2.2,4.7,302.04999999999995,82.26701999999999
188,11,20044.48611111111,2.9,4.9,302.04999999999995,83.18141999999999
189,11,20044.489583333332,3.8,7.1,302.15,83.08998
190,11,20044.493055555555,3.0,6.6,302.15,82.35846
191,11,20044.496527777777,3.6,5.6,302.15,82.4499
192,12,20044.5,3.5,6.7,302.04999999999995,82.99853999999999
193,12,20044.503472222223,3.3,4.8,302.15,84.37013999999999
194,12,20044.506944444445,3.3,5.0,302.15,84.37013999999999
195,12,20044.510416666668,4.6,10.1,302.25,84.00438
196,12,20044.51388888889,4.9,10.3,302.45,84.64446
197,12,20044.51736111111,4.9,8.8,302.54999999999995,84.7359
198,12,20044.520833333332,4.8,6.9,302.54999999999995,84.64446
199,12,20044.524305555555,4.9,8.3,302.45,84.2787
200,12,20044.527777777777,4.9,8.0,302.54999999999995,83.27286
201,12,20044.53125,4.9,7.8,302.65,83.91293999999999
202,12,20044.534722222223,4.6,8.8,302.95,82.63278
203,12,20044.538194444445,4.8,8.4,302.95,82.63278
204,13,20044.541666666668,4.9,8.9,302.95,81.62693999999999
205,13,20044.54513888889,5.0,11.1,302.84999999999997,81.5355
206,13,20044.54861111111,5.0,10.2,302.84999999999997,81.80981999999999
207,13,20044.552083333332,4.5,7.5,302.84999999999997,81.9927
208,13,20044.555555555555,4.8,7.5,302.75,82.72421999999999
209,13,20044.559027777777,5.1,7.9,302.75,84.37013999999999
210,13,20044.5625,5.2,8.1,302.75,84.46158
211,13,20044.565972222223,2.2,4.0,301.75,86.5647
212,13,20044.569444444445,2.1,5.3,301.04999999999995,88.94214
213,13,20044.572916666668,6.5,32.5,301.04999999999995,88.94214
214,13,20044.57638888889,4.8,31.5,299.95,96.25733999999999
215,13,20044.57986111111,2.8,26.3,299.95,96.25733999999999
216,14,20044.583333333332,3.3,38.0,299.15,97.0803
217,14,20044.586805555555,3.1,34.4,299.15,97.0803
218,14,20044.590277777777,2.2,11.9,299.15,97.0803
219,14,20044.59375,2.5,16.0,298.84999999999997,97.0803
220,14,20044.597222222223,2.5,10.1,298.84999999999997,97.0803
221,14,20044.600694444445,2.4,8.8,299.04999999999995,97.0803
222,14,20044.604166666668,2.7,12.5,299.04999999999995,97.0803
223,14,20044.60763888889,2.6,6.7,299.04999999999995,97.0803
224,14,20044.61111111111,2.7,16.4,299.04999999999995,97.0803
225,14,20044.614583333332,1.9,3.8,299.04999999999995,97.0803
226,14,20044.618055555555,1.9,4.5,299.04999999999995,97.0803
227,14,20044.621527777777,2.2,4.9,299.45,96.53166
228,15,20044.625,2.9,6.6,299.54999999999995,96.44022
229,15,20044.628472222223,3.2,6.0,299.65,96.6231
230,15,20044.631944444445,2.5,4.7,299.54999999999995,96.34878
231,15,20044.635416666668,1.8,3.9,299.65,95.43438
232,15,20044.63888888889,2.7,6.4,299.65,94.97718
233,15,20044.64236111111,2.2,5.4,299.54999999999995,94.97718
234,15,20044.645833333332,1.8,4.0,299.54999999999995,94.97718
235,15,20044.649305555555,1.9,3.5,299.54999999999995,94.97718
236,15,20044.652777777777,1.6,2.6,299.75,95.06862
237,15,20044.65625,2.0,6.3,299.75,95.06862
238,15,20044.659722222223,1.7,3.4,299.54999999999995,94.51998
239,15,20044.663194444445,2.0,3.5,299.65,94.51998
240,16,20044.666666666668,2.0,4.2,299.75,94.79429999999999
241,16,20044.67013888889,2.3,5.5,299.84999999999997,95.2515
242,16,20044.67361111111,2.4,6.8,299.84999999999997,95.43438
243,16,20044.677083333332,2.1,4.5,299.95,95.52582
244,16,20044.680555555555,2.0,4.2,299.95,94.97718
245,16,20044.684027777777,2.3,6.1,299.95,94.33709999999999
246,16,20044.6875,2.2,4.7,299.95,94.70286
247,16,20044.690972222223,2.3,6.9,299.84999999999997,94.79429999999999
248,16,20044.694444444445,2.3,4.0,299.95,95.06862
249,16,20044.697916666668,2.7,6.2,299.95,93.97133999999998
250,16,20044.70138888889,2.5,5.8,300.04999999999995,94.15422
251,16,20044.70486111111,2.8,4.6,299.95,94.61142
252,17,20044.711805555555,2.5,8.3,300.54999999999995,94.33709999999999
253,17,20044.715277777777,2.7,8.1,300.54999999999995,93.23982
254,17,20044.71875,2.2,3.8,300.54999999999995,93.23982
255,17,20044.722222222223,2.5,4.0,300.04999999999995,94.88573999999998
256,17,20044.725694444445,3.2,5.8,300.04999999999995,95.16006
257,17,20044.729166666668,3.3,7.0,300.04999999999995,95.16006
258,17,20044.73263888889,3.8,6.1,300.04999999999995,95.34293999999998
259,17,20044.73611111111,3.1,7.3,300.04999999999995,95.16006
260,17,20044.739583333332,2.9,7.9,300.04999999999995,95.06862
261,17,20044.743055555555,3.1,8.3,300.15,94.70286
262,17,20044.746527777777,3.5,7.4,300.15,94.42853999999998
263,18,20044.75,3.1,4.9,300.15,94.33709999999999
264,18,20044.753472222223,2.8,5.8,300.04999999999995,94.33709999999999
265,18,20044.756944444445,3.0,4.7,300.04999999999995,94.33709999999999
266,18,20044.760416666668,3.2,5.9,299.95,94.15422
267,18,20044.76388888889,2.7,5.1,299.95,94.06278
268,18,20044.76736111111,2.4,3.5,299.95,93.33126
269,18,20044.770833333332,2.2,3.3,299.95,93.33126
270,18,20044.774305555555,2.3,4.1,299.84999999999997,92.69118
271,18,20044.777777777777,2.2,6.1,299.84999999999997,93.23982
272,18,20044.78125,2.0,4.4,299.95,92.78262
273,18,20044.784722222223,2.0,4.1,299.84999999999997,92.78262
274,18,20044.788194444445,2.3,5.4,299.75,92.41686
275,19,20044.791666666668,2.6,6.3,299.75,92.41686
276,19,20044.79513888889,2.8,6.5,299.65,92.69118
277,19,20044.79861111111,3.0,8.9,299.65,93.42269999999999
278,19,20044.802083333332,3.3,9.7,299.54999999999995,93.51413999999998
279,19,20044.805555555555,3.3,6.3,299.65,93.23982
280,19,20044.809027777777,3.6,7.9,299.65,93.23982
281,19,20044.8125,3.6,7.8,299.65,93.33126
282,19,20044.815972222223,3.6,7.4,299.65,93.33126
283,19,20044.819444444445,4.5,12.1,299.54999999999995,93.87989999999999
284,19,20044.822916666668,4.1,10.1,299.65,93.87989999999999
285,19,20044.82638888889,3.9,10.7,299.54999999999995,94.33709999999999
286,19,20044.82986111111,3.6,7.5,299.54999999999995,94.33709999999999
287,20,20044.833333333332,3.7,7.2,299.65,93.78846
288,20,20044.836805555555,4.2,7.6,299.54999999999995,93.60558
289,20,20044.840277777777,3.7,6.9,299.54999999999995,93.78846
290,20,20044.84375,4.5,10.2,299.54999999999995,93.33126
291,20,20044.847222222223,4.2,10.0,299.54999999999995,93.05693999999998
292,20,20044.850694444445,3.5,9.5,299.54999999999995,93.51413999999998
293,20,20044.854166666668,3.6,6.7,299.45,93.87989999999999
294,20,20044.85763888889,3.6,10.4,299.54999999999995,93.87989999999999
295,20,20044.86111111111,4.2,9.5,299.45,93.69702
296,20,20044.864583333332,4.9,10.0,299.54999999999995,93.69702
297,20,20044.868055555555,4.7,9.6,299.54999999999995,93.69702
298,20,20044.871527777777,4.8,9.3,299.45,93.42269999999999
299,21,20044.875,4.8,10.1,299.54999999999995,93.51413999999998
300,21,20044.878472222223,5.2,10.3,299.54999999999995,93.60558
301,21,20044.881944444445,5.0,9.5,299.54999999999995,93.78846
302,21,20044.885416666668,4.9,9.2,299.65,93.69702
303,21,20044.88888888889,4.4,11.1,299.65,93.60558
304,21,20044.89236111111,4.7,10.1,299.65,93.69702
305,21,20044.895833333332,4.4,11.6,299.75,93.78846
306,21,20044.899305555555,4.6,14.1,299.65,93.78846
307,21,20044.902777777777,4.5,11.7,299.65,93.78846
308,21,20044.90625,4.6,11.7,299.75,93.78846
309,21,20044.909722222223,4.3,10.4,299.65,94.06278
310,21,20044.913194444445,4.3,12.7,299.65,94.15422
311,22,20044.916666666668,4.2,13.0,299.65,93.97133999999998
312,22,20044.92013888889,3.6,11.7,299.65,93.60558
313,22,20044.92361111111,3.8,10.9,299.65,93.69702
314,22,20044.927083333332,3.5,10.1,299.65,93.23982
315,22,20044.930555555555,3.2,7.4,299.65,93.33126
316,22,20044.934027777777,3.4,9.5,299.54999999999995,93.69702
317,22,20044.9375,3.8,11.5,299.65,93.60558
318,22,20044.940972222223,4.3,11.0,299.65,93.87989999999999
319,22,20044.944444444445,5.1,10.5,299.65,93.69702
320,22,20044.947916666668,4.6,9.5,299.54999999999995,93.78846
321,22,20044.95138888889,4.7,12.3,299.54999999999995,93.87989999999999
322,22,20044.95486111111,4.0,8.1,299.54999999999995,93.97133999999998
323,23,20044.958333333332,4.2,8.6,299.65,93.97133999999998
324,23,20044.961805555555,4.6,10.6,299.54999999999995,94.33709999999999
325,23,20044.965277777777,4.7,10.7,299.54999999999995,94.15422
326,23,20044.96875,4.1,8.7,299.65,93.97133999999998
327,23,20044.972222222223,3.9,9.0,299.75,94.06278
328,23,20044.975694444445,3.6,7.2,299.75,93.97133999999998
329,23,20044.979166666668,3.5,8.1,299.65,93.97133999999998
330,23,20044.98263888889,3.1,6.4,299.75,93.78846
331,23,20044.98611111111,3.4,7.1,299.65,93.97133999999998
332,23,20044.989583333332,3.4,6.9,299.65,93.97133999999998
333,23,20044.993055555555,3.3,5.9,299.65,94.33709999999999
334,23,20044.996527777777,3.5,7.9,299.65,94.06278
335,0,20045.0,3.3,7.9,299.65,94.06278
336,0,20045.003472222223,3.3,7.7,299.65,94.15422
337,0,20045.006944444445,4.0,10.0,299.75,93.97133999999998
338,0,20045.010416666668,3.2,8.4,299.84999999999997,93.69702
339,0,20045.01388888889,3.0,7.3,299.75,93.69702
340,0,20045.01736111111,3.2,7.4,299.75,93.97133999999998
341,0,20045.020833333332,3.3,6.7,299.75,93.97133999999998
342,0,20045.024305555555,3.5,11.9,299.75,94.15422
343,0,20045.027777777777,3.2,6.9,299.75,94.15422
344,0,20045.03125,3.0,7.9,299.75,93.97133999999998
345,0,20045.034722222223,2.7,6.1,299.75,93.97133999999998
346,0,20045.038194444445,3.2,10.7,299.75,93.97133999999998
347,1,20045.041666666668,3.4,9.5,299.84999999999997,93.60558
348,1,20045.04513888889,3.6,10.4,299.84999999999997,93.60558
349,1,20045.04861111111,3.9,12.8,299.75,94.06278
350,1,20045.052083333332,3.5,12.2,299.75,94.06278
351,1,20045.055555555555,3.5,9.0,299.84999999999997,93.97133999999998
352,1,20045.059027777777,3.7,9.2,299.75,93.87989999999999
353,1,20045.0625,4.2,8.7,299.75,93.87989999999999
354,1,20045.065972222223,3.9,10.1,299.75,93.78846
355,1,20045.069444444445,3.4,6.9,299.75,93.87989999999999
356,1,20045.072916666668,3.6,10.3,299.75,93.87989999999999
357,1,20045.07638888889,3.1,7.8,299.75,93.87989999999999
358,1,20045.07986111111,3.6,9.6,299.65,93.97133999999998
359,2,20045.083333333332,3.4,7.1,299.65,93.60558
360,2,20045.086805555555,3.6,6.2,299.65,93.69702
361,2,20045.090277777777,3.9,9.9,299.65,93.78846
362,2,20045.09375,3.7,9.2,299.65,93.97133999999998
363,2,20045.097222222223,3.6,7.0,299.65,93.97133999999998
364,2,20045.100694444445,4.4,10.4,299.75,94.15422
365,2,20045.104166666668,4.2,10.5,299.75,94.06278
366,2,20045.10763888889,4.1,9.3,299.75,93.87989999999999
367,2,20045.11111111111,3.9,8.7,299.75,93.87989999999999
368,2,20045.114583333332,3.7,8.5,299.75,93.97133999999998
369,2,20045.118055555555,3.3,7.3,299.75,93.87989999999999
370,2,20045.121527777777,3.5,7.6,299.75,93.87989999999999
371,3,20045.125,3.4,9.8,299.75,93.78846
372,3,20045.128472222223,3.4,7.0,299.75,93.78846
373,3,20045.131944444445,3.6,7.6,299.65,94.15422
374,3,20045.135416666668,3.5,10.1,299.54999999999995,94.79429999999999
375,3,20045.13888888889,3.4,7.6,299.54999999999995,94.79429999999999
376,3,20045.14236111111,3.7,8.3,299.54999999999995,94.33709999999999
377,3,20045.145833333332,3.7,9.5,299.54999999999995,94.70286
378,3,20045.149305555555,3.6,8.4,299.54999999999995,94.70286
379,3,20045.152777777777,3.2,7.7,299.54999999999995,94.51998
380,3,20045.15625,3.7,10.0,299.45,94.61142
381,3,20045.159722222223,3.5,8.2,299.45,94.51998
382,3,20045.163194444445,2.9,5.4,299.45,94.79429999999999
383,4,20045.166666666668,3.5,9.3,299.45,94.88573999999998
384,4,20045.17013888889,3.2,8.5,299.45,94.88573999999998
385,4,20045.17361111111,2.7,8.1,299.45,94.70286
386,4,20045.177083333332,2.9,7.3,299.45,94.70286
387,4,20045.180555555555,3.0,8.2,299.45,94.79429999999999
388,4,20045.184027777777,3.1,9.6,299.45,94.70286
389,4,20045.1875,3.1,7.2,299.45,94.97718
390,4,20045.190972222223,3.3,12.7,299.45,94.88573999999998
391,4,20045.194444444445,3.1,9.5,299.34999999999997,94.88573999999998
392,4,20045.197916666668,3.3,9.4,299.45,94.70286
393,4,20045.20138888889,3.5,9.9,299.54999999999995,94.42853999999998
394,4,20045.20486111111,3.3,8.9,299.45,94.15422
395,5,20045.208333333332,3.3,8.8,299.45,94.15422
396,5,20045.211805555555,2.8,9.5,299.45,94.42853999999998
397,5,20045.215277777777,2.8,11.1,299.34999999999997,94.70286
398,5,20045.21875,3.0,11.1,299.34999999999997,94.70286
399,5,20045.222222222223,2.9,8.8,299.45,94.33709999999999
400,5,20045.225694444445,2.7,7.0,299.45,94.24566
401,5,20045.229166666668,2.7,6.3,299.45,94.15422
402,5,20045.23263888889,3.0,10.5,299.45,94.15422
403,5,20045.23611111111,2.8,8.3,299.45,94.15422
404,5,20045.239583333332,2.7,7.0,299.25,94.51998
405,5,20045.243055555555,3.2,7.0,299.45,94.42853999999998
406,5,20045.246527777777,3.2,7.6,299.45,94.42853999999998
407,6,20045.25,2.8,7.3,299.45,94.15422
408,6,20045.253472222223,3.4,9.6,299.34999999999997,94.51998
409,6,20045.256944444445,3.1,7.6,299.45,94.51998
410,6,20045.260416666668,3.4,7.3,299.45,94.42853999999998
411,6,20045.26388888889,2.9,9.5,299.45,94.42853999999998
412,6,20045.26736111111,2.9,11.1,299.45,93.78846
413,6,20045.270833333332,3.0,7.1,299.54999999999995,93.87989999999999
414,6,20045.274305555555,2.7,8.6,299.54999999999995,93.23982
415,6,20045.277777777777,3.0,7.8,299.54999999999995,93.14838
416,6,20045.28125,3.1,9.6,299.54999999999995,93.42269999999999
417,6,20045.284722222223,2.9,7.9,299.54999999999995,93.51413999999998
418,6,20045.288194444445,2.9,7.4,299.45,93.60558
419,7,20045.291666666668,3.2,8.5,299.54999999999995,93.69702
420,7,20045.29513888889,3.0,5.9,299.54999999999995,93.69702
421,7,20045.29861111111,3.5,8.1,299.54999999999995,94.24566
422,7,20045.302083333332,3.3,8.3,299.54999999999995,94.15422
423,7,20045.305555555555,3.3,7.0,299.65,93.87989999999999
424,7,20045.309027777777,3.3,8.9,299.65,93.60558
425,7,20045.3125,3.0,7.8,299.65,93.60558
426,7,20045.315972222223,2.9,6.6,299.65,93.60558
427,7,20045.319444444445,2.8,5.3,299.75,93.05693999999998
428,7,20045.322916666668,3.1,7.7,299.84999999999997,92.50829999999999
429,7,20045.32638888889,2.7,4.9,299.95,92.23398
430,7,20045.32986111111,2.5,6.1,299.95,92.14254
431,8,20045.333333333332,2.6,6.3,299.95,91.95966
432,8,20045.336805555555,2.7,9.0,300.04999999999995,91.31958
433,8,20045.340277777777,2.4,4.8,300.04999999999995,91.31958
434,8,20045.34375,2.9,8.1,300.15,91.50246
435,8,20045.347222222223,2.9,6.0,300.15,91.50246
436,8,20045.350694444445,2.6,5.3,300.25,90.86238
437,8,20045.354166666668,2.6,7.7,300.25,90.77094
438,8,20045.35763888889,2.8,7.3,300.25,90.86238
439,8,20045.36111111111,2.7,6.7,300.34999999999997,90.77094
440,8,20045.364583333332,2.9,7.5,300.45,90.31374
441,8,20045.368055555555,2.3,5.8,300.45,90.31374
442,8,20045.371527777777,2.5,5.2,300.45,90.22229999999999
443,9,20045.375,2.8,8.8,300.54999999999995,90.49662
444,9,20045.378472222223,2.5,8.2,300.54999999999995,90.13086
445,9,20045.381944444445,2.6,6.1,300.54999999999995,90.13086
446,9,20045.385416666668,2.6,6.2,300.65,90.40518
447,9,20045.38888888889,2.3,4.8,300.65,90.22229999999999
448,9,20045.39236111111,2.4,5.7,300.65,90.22229999999999
449,9,20045.395833333332,2.3,8.7,300.65,90.22229999999999
450,9,20045.399305555555,2.2,6.6,300.65,90.40518
451,9,20045.402777777777,2.1,4.9,300.75,90.31374
452,9,20045.40625,2.3,5.7,300.84999999999997,90.22229999999999
453,9,20045.409722222223,2.5,4.7,301.15,89.67366
454,9,20045.413194444445,2.3,5.0,301.04999999999995,89.58221999999999
455,10,20045.416666666668,2.7,6.5,301.15,89.12501999999999
456,10,20045.42013888889,2.7,5.3,301.25,88.85069999999999
457,10,20045.42361111111,2.5,6.1,301.15,88.85069999999999
458,10,20045.427083333332,2.5,5.3,301.25,88.85069999999999
459,10,20045.430555555555,2.9,8.6,301.15,89.58221999999999
460,10,20045.434027777777,2.7,7.1,301.15,89.67366
461,10,20045.4375,2.9,7.9,301.15,89.39934
462,10,20045.440972222223,3.4,9.1,301.15,89.58221999999999
463,10,20045.444444444445,3.0,7.2,301.15,89.67366
464,10,20045.447916666668,2.9,8.1,301.15,90.31374
465,10,20045.45138888889,3.0,7.9,301.15,89.49078
466,10,20045.45486111111,3.3,8.0,301.25,88.94214
467,11,20045.458333333332,3.1,9.4,301.25,88.94214
468,11,20045.461805555555,3.1,7.5,301.34999999999997,88.66781999999999
469,11,20045.465277777777,3.0,11.7,301.34999999999997,88.75926
470,11,20045.46875,2.5,7.5,301.54999999999995,88.02774
471,11,20045.472222222223,2.5,6.1,301.54999999999995,88.02774
472,11,20045.475694444445,2.3,5.5,301.45,87.66198
473,11,20045.479166666668,3.0,9.5,301.54999999999995,87.20478
474,11,20045.48263888889,2.5,6.5,301.65,87.84486
475,11,20045.48611111111,3.5,11.8,301.65,86.83901999999999
476,11,20045.489583333332,2.4,9.5,301.65,86.93046
477,11,20045.493055555555,2.6,8.8,301.75,85.10166
478,11,20045.496527777777,2.4,5.5,301.65,85.37598
479,12,20045.5,2.7,10.9,301.84999999999997,84.82733999999999
480,12,20045.503472222223,2.7,7.3,301.84999999999997,84.18726
481,12,20045.506944444445,2.1,6.1,301.84999999999997,84.46158
482,12,20045.510416666668,2.4,8.8,301.95,84.37013999999999
483,12,20045.51388888889,2.6,8.3,301.84999999999997,85.28453999999999
484,12,20045.51736111111,2.6,6.8,301.84999999999997,86.01606
485,12,20045.520833333332,2.7,7.3,301.84999999999997,85.92461999999999
486,12,20045.524305555555,2.3,7.7,302.04999999999995,86.5647
487,12,20045.527777777777,2.3,6.6,301.95,85.74174
488,12,20045.53125,2.7,8.4,301.95,85.55886
489,12,20045.534722222223,2.0,6.7,302.04999999999995,85.55886
490,12,20045.538194444445,1.9,5.6,302.04999999999995,85.37598
491,13,20045.541666666668,2.2,6.0,302.04999999999995,85.37598
492,13,20045.54513888889,2.6,7.8,302.15,85.74174
493,13,20045.54861111111,1.9,3.6,302.04999999999995,84.7359
494,13,20045.552083333332,2.3,5.5,302.04999999999995,84.7359
495,13,20045.555555555555,2.0,5.2,302.15,84.55301999999999
496,13,20045.559027777777,2.5,6.1,302.15,84.55301999999999
497,13,20045.5625,2.5,7.4,302.15,84.91878
498,13,20045.565972222223,2.4,7.3,302.25,84.00438
499,13,20045.569444444445,2.6,6.8,302.15,84.7359
500,13,20045.572916666668,2.7,6.7,302.15,84.82733999999999
501,13,20045.57638888889,2.9,8.1,302.25,84.82733999999999
502,13,20045.57986111111,5.1,15.7,301.45,92.05109999999999
503,14,20045.583333333332,8.0,39.6,301.45,92.14254
504,14,20045.586805555555,4.3,15.0,301.04999999999995,95.89158
505,14,20045.590277777777,3.8,9.1,300.75,95.34293999999998
506,14,20045.59375,3.2,6.7,300.95,94.79429999999999
507,14,20045.597222222223,3.8,8.2,301.15,94.15422
508,14,20045.600694444445,7.2,15.1,301.25,93.51413999999998
509,14,20045.604166666668,5.4,13.2,301.25,93.51413999999998
510,14,20045.60763888889,5.1,14.5,301.15,93.05693999999998
511,14,20045.61111111111,3.4,8.5,301.15,91.95966
512,14,20045.614583333332,3.5,9.1,301.15,91.95966
513,14,20045.618055555555,3.1,9.5,301.04999999999995,92.41686
514,14,20045.621527777777,3.8,11.9,301.15,92.32542
515,15,20045.625,5.4,20.1,300.75,94.15422
516,15,20045.628472222223,3.7,11.1,300.75,94.24566
517,15,20045.631944444445,2.8,6.1,300.34999999999997,94.88573999999998
518,15,20045.635416666668,2.2,6.8,300.45,94.06278
519,15,20045.63888888889,2.2,5.9,300.45,93.69702
520,15,20045.64236111111,2.2,6.6,300.45,93.69702
521,15,20045.645833333332,2.3,8.3,300.34999999999997,93.78846
522,15,20045.649305555555,2.6,5.9,300.34999999999997,94.61142
523,15,20045.652777777777,2.4,8.2,300.45,94.06278
524,15,20045.65625,2.0,5.3,300.45,93.97133999999998
525,15,20045.659722222223,2.4,6.7,300.34999999999997,92.96549999999999
526,15,20045.663194444445,2.4,6.6,300.45,93.14838
527,16,20045.666666666668,2.5,6.5,300.45,93.14838
528,16,20045.67013888889,2.8,9.1,300.45,93.05693999999998
529,16,20045.67361111111,3.4,8.7,300.54999999999995,94.33709999999999
530,16,20045.677083333332,2.7,8.5,300.54999999999995,94.24566
531,16,20045.680555555555,1.8,4.3,300.54999999999995,93.33126
532,16,20045.684027777777,1.4,3.8,300.45,91.77678
533,16,20045.6875,1.4,3.8,300.54999999999995,91.68534
534,16,20045.690972222223,1.2,3.4,300.45,90.67949999999999
535,16,20045.694444444445,1.3,3.1,300.25,92.14254
536,16,20045.697916666668,1.3,2.5,300.25,92.14254
537,16,20045.70138888889,1.3,3.0,300.34999999999997,92.23398
538,16,20045.70486111111,1.2,2.7,300.45,92.23398
539,17,20045.708333333332,1.1,2.5,300.45,91.50246
540,17,20045.711805555555,0.9,1.4,300.45,91.13669999999999
541,17,20045.715277777777,1.3,3.5,300.45,91.50246
542,17,20045.71875,1.3,2.5,300.45,91.50246
543,17,20045.722222222223,1.5,3.9,300.25,92.69118
544,17,20045.725694444445,1.5,5.3,300.25,92.69118
545,17,20045.729166666668,1.4,6.0,300.25,93.05693999999998
546,17,20045.739583333332,1.9,6.1,300.95,91.50246
547,17,20045.743055555555,2.1,9.6,300.34999999999997,91.22814
548,17,20045.746527777777,2.1,8.3,300.15,92.32542
549,18,20045.75,2.0,7.7,300.15,93.14838
550,18,20045.753472222223,2.5,10.0,300.15,93.33126
551,18,20045.756944444445,2.0,5.4,300.15,93.23982
552,18,20045.760416666668,2.4,6.6,300.04999999999995,94.15422
553,18,20045.76388888889,2.5,6.4,300.15,93.69702
554,18,20045.76736111111,2.2,4.6,300.15,93.51413999999998
555,18,20045.770833333332,1.9,4.0,300.04999999999995,93.78846
556,18,20045.774305555555,2.3,7.8,300.04999999999995,93.60558
557,18,20045.777777777777,2.4,6.7,300.15,93.69702
558,18,20045.78125,2.1,6.4,300.04999999999995,93.97133999999998
559,18,20045.784722222223,2.4,7.1,300.04999999999995,94.06278
560,18,20045.788194444445,2.7,6.8,300.15,93.87989999999999
561,19,20045.791666666668,2.6,7.2,300.04999999999995,94.06278
562,19,20045.79513888889,2.7,8.0,299.95,94.61142
563,19,20045.79861111111,3.0,7.7,299.95,94.61142
564,19,20045.802083333332,3.2,9.1,300.04999999999995,93.60558
565,19,20045.805555555555,2.6,5.7,300.04999999999995,93.23982
566,19,20045.809027777777,2.6,5.5,300.04999999999995,93.51413999999998
567,19,20045.8125,2.8,8.1,300.04999999999995,93.51413999999998
568,19,20045.815972222223,2.7,6.2,300.04999999999995,93.23982
569,19,20045.819444444445,3.4,5.8,300.15,93.14838
570,19,20045.822916666668,3.2,7.9,300.04999999999995,92.50829999999999
571,19,20045.82638888889,3.3,5.7,300.04999999999995,92.96549999999999
572,19,20045.82986111111,4.0,6.1,300.15,92.96549999999999
573,20,20045.833333333332,3.8,8.8,300.04999999999995,93.60558
574,20,20045.836805555555,4.0,7.0,299.95,93.42269999999999
575,20,20045.840277777777,4.3,8.7,300.04999999999995,94.15422
576,20,20045.84375,4.0,6.5,299.95,94.24566
577,20,20045.847222222223,4.0,8.8,300.04999999999995,94.24566
578,20,20045.850694444445,4.7,8.7,300.04999999999995,93.78846
579,20,20045.854166666668,4.8,8.3,300.04999999999995,94.42853999999998
580,20,20045.85763888889,4.9,8.4,300.04999999999995,94.51998
581,20,20045.86111111111,4.9,11.2,300.04999999999995,94.51998
582,20,20045.864583333332,4.7,8.6,300.04999999999995,94.06278
583,20,20045.868055555555,4.9,9.7,299.95,94.61142
584,20,20045.871527777777,4.3,7.8,300.04999999999995,94.61142
585,21,20045.875,4.6,8.6,300.04999999999995,93.51413999999998
586,21,20045.878472222223,4.5,9.1,300.04999999999995,93.51413999999998
587,21,20045.881944444445,5.1,9.6,300.15,93.51413999999998
588,21,20045.885416666668,4.2,5.7,300.04999999999995,93.97133999999998
589,21,20045.88888888889,4.8,12.0,300.04999999999995,94.24566
590,21,20045.89236111111,4.5,9.6,299.95,94.33709999999999
591,21,20045.895833333332,4.2,9.2,299.95,94.51998
592,21,20045.899305555555,4.2,11.4,299.95,94.33709999999999
593,21,20045.902777777777,3.6,7.9,299.95,94.42853999999998
594,21,20045.90625,3.9,9.2,300.04999999999995,94.24566
595,21,20045.909722222223,3.8,9.7,299.95,94.24566
596,21,20045.913194444445,3.4,8.2,299.95,94.24566
597,22,20045.916666666668,3.4,5.2,299.84999999999997,94.70286
598,22,20045.92013888889,3.3,8.7,299.84999999999997,94.70286
599,22,20045.92361111111,3.4,8.8,299.84999999999997,94.79429999999999
600,22,20045.927083333332,3.2,6.3,299.84999999999997,94.88573999999998
601,22,20045.930555555555,3.4,5.3,299.95,94.24566
602,22,20045.934027777777,2.7,7.3,299.95,94.15422
603,22,20045.9375,3.0,6.7,299.95,93.87989999999999
604,22,20045.940972222223,3.2,6.3,299.95,93.78846
605,22,20045.944444444445,3.2,6.0,299.95,93.78846
606,22,20045.947916666668,3.0,6.9,299.95,93.78846
607,22,20045.95138888889,3.4,7.2,299.95,93.78846
608,22,20045.95486111111,3.4,9.8,299.84999999999997,94.24566
609,23,20045.958333333332,3.1,7.3,299.95,93.97133999999998
610,23,20045.961805555555,3.1,7.4,299.84999999999997,93.87989999999999
611,23,20045.965277777777,2.7,10.2,299.84999999999997,93.87989999999999
612,23,20045.96875,2.3,7.0,299.84999999999997,93.78846
613,23,20045.972222222223,2.5,11.8,299.95,93.69702
614,23,20045.975694444445,2.4,6.9,299.75,93.78846
615,23,20045.979166666668,2.3,5.4,299.84999999999997,93.69702
616,23,20045.98263888889,2.6,7.5,299.84999999999997,93.60558
617,23,20045.98611111111,2.3,6.2,299.84999999999997,93.60558
618,23,20045.989583333332,2.6,6.2,299.84999999999997,94.24566
619,23,20045.993055555555,2.9,6.6,299.75,94.06278
620,23,20045.996527777777,2.7,6.8,299.75,94.06278
621,0,20046.0,2.7,7.3,299.84999999999997,93.97133999999998
622,0,20046.003472222223,3.0,9.5,299.84999999999997,93.69702
623,0,20046.006944444445,2.7,7.0,299.75,94.24566
624,0,20046.010416666668,3.2,10.2,299.75,94.15422
625,0,20046.01388888889,2.9,6.0,299.75,94.15422
626,0,20046.01736111111,3.5,10.5,299.75,94.15422
627,0,20046.020833333332,3.5,8.5,299.75,94.88573999999998
628,0,20046.024305555555,3.2,7.6,299.75,94.70286
629,0,20046.027777777777,4.2,12.8,299.84999999999997,94.42853999999998
630,0,20046.03125,3.7,10.9,299.84999999999997,94.51998
631,0,20046.034722222223,3.7,12.3,299.75,94.70286
632,0,20046.038194444445,4.1,11.2,299.75,94.42853999999998
633,1,20046.041666666668,3.9,9.7,299.84999999999997,94.15422
634,1,20046.04513888889,3.7,9.3,299.84999999999997,94.51998
635,1,20046.04861111111,4.0,8.9,299.75,94.24566
636,1,20046.052083333332,4.1,9.1,299.65,94.70286
637,1,20046.055555555555,4.2,12.4,299.75,94.88573999999998
638,1,20046.059027777777,4.0,9.3,299.75,94.06278
639,1,20046.0625,4.0,8.8,299.75,94.06278
640,1,20046.065972222223,4.1,11.7,299.65,95.16006
641,1,20046.069444444445,4.1,8.7,299.65,94.97718
642,1,20046.072916666668,4.1,8.7,299.65,95.06862
643,1,20046.07638888889,4.3,13.0,299.65,94.88573999999998
644,1,20046.07986111111,3.8,10.1,299.65,94.70286
645,2,20046.083333333332,3.7,9.1,299.65,94.70286
646,2,20046.086805555555,3.9,10.5,299.65,94.70286
647,2,20046.090277777777,3.6,10.0,299.65,94.70286
648,2,20046.09375,3.9,10.5,299.65,94.97718
649,2,20046.097222222223,3.3,7.5,299.65,94.97718
650,2,20046.100694444445,3.9,10.9,299.45,94.97718
651,2,20046.104166666668,3.7,11.5,299.65,94.79429999999999
652,2,20046.10763888889,3.6,10.2,299.75,94.51998
653,2,20046.11111111111,3.9,12.5,299.65,94.33709999999999
654,2,20046.114583333332,3.7,9.4,299.75,93.97133999999998
655,2,20046.118055555555,3.3,8.0,299.75,94.06278
656,2,20046.121527777777,3.9,7.7,299.75,94.06278
657,3,20046.125,4.1,7.7,299.75,94.33709999999999
658,3,20046.128472222223,4.0,8.2,299.75,94.24566
659,3,20046.131944444445,4.7,12.0,299.65,94.42853999999998
660,3,20046.135416666668,4.2,10.3,299.65,94.42853999999998
661,3,20046.13888888889,3.9,9.1,299.54999999999995,94.61142
662,3,20046.14236111111,3.3,7.7,299.65,94.61142
663,3,20046.145833333332,4.3,15.1,299.75,93.97133999999998
664,3,20046.149305555555,3.4,8.0,299.75,93.97133999999998
665,3,20046.152777777777,3.9,10.6,299.65,94.06278
666,3,20046.15625,2.8,8.6,299.65,94.33709999999999
667,3,20046.159722222223,2.5,5.6,299.65,94.33709999999999
668,3,20046.163194444445,2.7,7.4,299.65,94.06278
669,4,20046.166666666668,2.5,9.1,299.65,94.24566
670,4,20046.17013888889,2.9,8.0,299.45,94.33709999999999
671,4,20046.17361111111,2.7,6.8,299.54999999999995,94.70286
672,4,20046.177083333332,2.7,7.6,299.65,94.06278
673,4,20046.180555555555,2.8,8.0,299.34999999999997,94.88573999999998
674,4,20046.184027777777,3.0,7.6,299.34999999999997,94.88573999999998
675,4,20046.1875,2.8,7.1,299.45,94.33709999999999
676,4,20046.190972222223,3.4,9.4,299.54999999999995,94.33709999999999
677,4,20046.194444444445,2.7,7.9,299.54999999999995,94.24566
678,4,20046.197916666668,3.5,8.1,299.54999999999995,94.24566
679,4,20046.20138888889,3.1,8.1,299.65,93.87989999999999
680,4,20046.20486111111,3.4,8.9,299.54999999999995,94.33709999999999
681,5,20046.208333333332,3.1,9.4,299.54999999999995,94.24566
682,5,20046.211805555555,3.1,8.7,299.54999999999995,93.87989999999999
683,5,20046.215277777777,2.8,8.5,299.45,94.51998
684,5,20046.21875,2.8,7.5,299.45,95.06862
685,5,20046.222222222223,3.1,7.7,299.45,94.70286
686,5,20046.225694444445,3.0,9.0,299.34999999999997,95.06862
687,5,20046.229166666668,3.1,8.2,299.45,95.06862
688,5,20046.23263888889,3.1,7.4,299.45,94.97718
689,5,20046.23611111111,3.1,7.6,299.45,94.97718
690,5,20046.239583333332,3.6,13.5,299.34999999999997,95.89158
691,5,20046.243055555555,3.9,13.1,299.34999999999997,95.80013999999998
692,5,20046.246527777777,3.5,9.0,299.25,96.71453999999999
693,6,20046.25,3.1,7.8,299.25,96.89742
694,6,20046.253472222223,3.4,7.5,299.34999999999997,96.25733999999999
695,6,20046.256944444445,3.5,7.9,299.34999999999997,96.25733999999999
696,6,20046.260416666668,3.9,11.8,299.34999999999997,96.89742
697,6,20046.26388888889,4.8,10.6,299.34999999999997,96.98886
698,6,20046.26736111111,4.7,13.8,299.45,97.0803
699,6,20046.270833333332,4.9,13.6,299.34999999999997,97.0803
700,6,20046.274305555555,4.6,12.6,299.34999999999997,97.0803
701,6,20046.277777777777,5.0,16.4,299.25,97.0803
702,6,20046.28125,4.1,10.0,299.25,97.0803
703,6,20046.284722222223,5.1,14.6,299.25,97.0803
704,6,20046.288194444445,4.8,12.0,299.25,97.0803
705,7,20046.291666666668,4.5,15.5,299.25,97.0803
706,7,20046.29513888889,5.2,11.8,299.25,97.0803
707,7,20046.29861111111,4.8,13.0,299.34999999999997,97.0803
708,7,20046.302083333332,4.9,10.3,299.34999999999997,97.0803
709,7,20046.305555555555,4.4,11.6,299.45,97.0803
710,7,20046.309027777777,4.6,8.7,299.34999999999997,97.0803
711,7,20046.3125,4.7,12.5,299.34999999999997,97.0803
712,7,20046.315972222223,5.1,11.9,299.34999999999997,97.0803
713,7,20046.319444444445,4.8,12.7,299.25,97.0803
714,7,20046.322916666668,5.3,15.6,299.34999999999997,97.0803
715,7,20046.32638888889,4.4,11.8,299.34999999999997,97.0803
716,7,20046.32986111111,5.2,10.3,299.45,97.0803
717,8,20046.333333333332,5.5,13.4,299.54999999999995,97.0803
718,8,20046.336805555555,5.9,13.3,299.54999999999995,97.0803
719,8,20046.340277777777,7.2,14.0,299.45,97.0803
720,8,20046.34375,5.8,12.4,299.54999999999995,97.0803
721,8,20046.347222222223,5.7,13.5,299.54999999999995,97.0803
722,8,20046.350694444445,6.3,13.2,299.54999999999995,97.0803
723,8,20046.354166666668,7.7,17.6,299.54999999999995,97.0803
724,8,20046.35763888889,5.9,13.7,299.65,97.0803
725,8,20046.36111111111,5.4,11.3,299.54999999999995,97.0803
726,8,20046.364583333332,6.4,15.0,299.54999999999995,97.0803
727,8,20046.368055555555,5.8,10.5,299.65,97.0803
728,8,20046.371527777777,5.4,12.7,299.65,97.0803
729,9,20046.375,4.7,9.5,299.54999999999995,97.0803
730,9,20046.378472222223,5.4,12.4,299.54999999999995,97.0803
731,9,20046.381944444445,6.4,11.2,299.75,97.0803
732,9,20046.385416666668,5.7,12.4,299.84999999999997,97.0803
733,9,20046.38888888889,5.8,11.3,299.84999999999997,97.0803
734,9,20046.39236111111,4.8,9.5,299.95,97.0803
735,9,20046.395833333332,5.7,12.5,299.95,96.6231
736,9,20046.399305555555,4.7,12.5,299.95,96.71453999999999
737,9,20046.402777777777,4.7,9.1,299.95,97.0803
738,9,20046.40625,3.8,8.4,300.04999999999995,97.0803
739,9,20046.409722222223,3.8,9.1,300.04999999999995,96.44022
740,9,20046.413194444445,4.1,7.3,300.15,96.89742
741,10,20046.416666666668,3.3,5.6,300.25,96.53166
742,10,20046.42013888889,3.2,8.7,300.15,95.34293999999998
743,10,20046.42361111111,3.6,8.9,300.15,95.2515
744,10,20046.427083333332,4.4,10.6,300.15,95.16006
745,10,20046.430555555555,3.4,7.2,300.15,95.16006
746,10,20046.434027777777,3.6,10.1,300.15,95.16006
747,10,20046.4375,3.3,6.7,300.25,94.97718
748,10,20046.440972222223,3.4,5.5,300.25,94.97718
749,10,20046.444444444445,3.5,9.3,300.25,94.70286
750,10,20046.447916666668,4.8,9.7,300.34999999999997,94.61142
751,10,20046.45138888889,6.5,12.8,300.34999999999997,94.61142
752,10,20046.45486111111,5.3,12.3,300.34999999999997,94.79429999999999
753,11,20046.458333333332,6.0,15.1,300.45,95.06862
754,11,20046.461805555555,7.3,17.3,300.34999999999997,94.51998
755,11,20046.465277777777,5.5,12.1,300.45,94.79429999999999
756,11,20046.46875,5.9,13.0,300.45,94.42853999999998
757,11,20046.472222222223,5.2,12.4,300.45,94.24566
758,11,20046.475694444445,5.7,10.0,300.54999999999995,94.06278
759,11,20046.479166666668,5.7,12.8,300.54999999999995,94.33709999999999
760,11,20046.48263888889,6.4,12.2,300.54999999999995,94.33709999999999
761,11,20046.48611111111,6.9,16.7,300.54999999999995,94.61142
762,11,20046.489583333332,8.1,16.2,300.65,95.2515
763,11,20046.493055555555,9.2,17.4,300.84999999999997,95.61726
764,11,20046.496527777777,10.5,18.9,300.75,95.2515
765,12,20046.5,12.2,22.8,300.75,95.2515
766,12,20046.503472222223,12.9,25.1,300.75,93.97133999999998
767,12,20046.506944444445,12.2,23.2,300.75,94.15422
768,12,20046.510416666668,12.2,20.7,300.75,94.15422
769,12,20046.51388888889,10.7,19.4,300.75,94.61142
770,12,20046.51736111111,7.1,14.9,300.95,94.15422
771,12,20046.520833333332,7.7,15.6,300.95,94.06278
772,12,20046.524305555555,9.3,15.4,300.95,94.51998
773,12,20046.527777777777,12.6,20.1,300.95,94.42853999999998
774,12,20046.53125,12.1,17.6,300.95,93.69702
775,12,20046.534722222223,11.3,17.9,300.84999999999997,92.41686
776,12,20046.538194444445,11.1,18.7,301.15,91.77678
777,13,20046.541666666668,10.2,17.2,301.15,92.50829999999999
778,13,20046.54513888889,10.5,17.0,301.15,92.59974
779,13,20046.54861111111,8.4,12.9,301.15,91.86822
780,13,20046.552083333332,8.0,12.4,301.04999999999995,91.59389999999999
781,13,20046.555555555555,7.9,13.2,301.04999999999995,91.31958
782,13,20046.559027777777,7.0,11.4,301.34999999999997,91.13669999999999
783,13,20046.5625,6.7,12.7,301.34999999999997,91.13669999999999
784,13,20046.565972222223,5.9,10.1,301.25,90.95382
785,13,20046.569444444445,5.0,9.0,301.45,90.49662
786,13,20046.572916666668,4.3,7.0,301.45,90.49662
787,13,20046.57638888889,4.4,8.5,301.34999999999997,90.03941999999999
788,13,20046.57986111111,4.1,8.6,301.65,90.13086
789,14,20046.583333333332,4.1,6.7,301.65,90.40518
790,14,20046.586805555555,3.6,6.3,301.65,90.49662
791,14,20046.590277777777,3.9,7.3,301.54999999999995,89.03358
792,14,20046.59375,4.5,8.7,301.54999999999995,88.75926
793,14,20046.597222222223,4.0,8.6,301.54999999999995,88.75926
794,14,20046.600694444445,3.7,5.6,301.54999999999995,88.48494
795,14,20046.604166666668,4.2,5.9,301.54999999999995,88.39349999999999
796,14,20046.60763888889,4.1,7.2,301.65,88.75926
797,14,20046.61111111111,3.9,8.0,301.65,88.57638
798,14,20046.614583333332,4.0,7.0,301.65,88.57638
799,14,20046.618055555555,4.1,9.8,301.84999999999997,88.48494
800,14,20046.621527777777,3.9,8.6,301.84999999999997,88.39349999999999
801,15,20046.625,4.0,6.4,301.75,88.57638
802,15,20046.628472222223,3.1,5.8,301.84999999999997,88.57638
803,15,20046.631944444445,2.7,4.0,301.84999999999997,85.55886
804,15,20046.635416666668,2.9,4.4,301.84999999999997,85.46741999999999
805,15,20046.63888888889,2.7,4.6,302.15,85.6503
806,15,20046.64236111111,3.4,6.5,302.15,85.6503
807,15,20046.645833333332,4.1,6.9,302.25,85.01021999999999
808,15,20046.649305555555,3.8,6.3,302.15,85.92461999999999
809,15,20046.652777777777,3.8,8.7,302.15,85.92461999999999
810,15,20046.65625,3.8,7.6,302.25,85.74174
811,15,20046.659722222223,3.7,5.7,302.25,85.74174
812,15,20046.663194444445,3.7,5.3,302.25,85.55886
813,16,20046.666666666668,4.1,8.3,302.25,85.55886
814,16,20046.67013888889,3.6,5.1,302.34999999999997,85.83318
815,16,20046.67361111111,3.5,5.6,302.25,86.74758
816,16,20046.677083333332,4.4,8.3,302.04999999999995,86.29038
817,16,20046.680555555555,5.7,14.7,301.84999999999997,87.29621999999999
818,16,20046.684027777777,8.6,36.2,301.34999999999997,90.77094
819,16,20046.6875,7.1,35.4,300.45,97.0803
820,16,20046.690972222223,4.3,16.8,300.25,97.0803
821,16,20046.694444444445,3.3,9.2,300.34999999999997,96.89742
822,16,20046.697916666668,3.3,6.0,300.34999999999997,96.80597999999999
823,16,20046.70138888889,2.7,5.7,300.34999999999997,95.06862
824,16,20046.70486111111,2.4,6.8,300.25,94.42853999999998
825,17,20046.708333333332,2.4,5.7,300.34999999999997,94.42853999999998
826,17,20046.711805555555,2.7,6.0,300.45,94.79429999999999
827,17,20046.715277777777,2.6,5.8,300.45,94.97718
828,17,20046.71875,2.8,6.0,300.45,94.97718
829,17,20046.722222222223,3.2,7.2,300.45,95.52582
830,17,20046.725694444445,2.7,7.3,300.45,95.89158
831,17,20046.729166666668,3.3,6.6,300.34999999999997,95.98302
832,17,20046.73263888889,3.4,9.4,300.54999999999995,95.52582
833,17,20046.73611111111,3.1,6.4,300.45,95.52582
834,17,20046.739583333332,2.7,4.9,300.54999999999995,95.43438
835,17,20046.743055555555,2.6,5.1,300.45,95.16006
836,17,20046.746527777777,3.0,6.6,300.34999999999997,95.43438
837,18,20046.75,2.8,6.0,300.34999999999997,95.43438
838,18,20046.753472222223,2.8,6.1,300.34999999999997,95.2515
839,18,20046.756944444445,2.3,6.5,300.15,95.43438
840,18,20046.760416666668,2.7,7.6,300.25,95.06862
841,18,20046.76388888889,3.3,7.3,300.34999999999997,94.97718
842,18,20046.76736111111,2.7,6.9,300.34999999999997,95.06862
843,18,20046.770833333332,2.6,6.1,300.15,95.16006
844,18,20046.774305555555,3.5,7.0,300.25,94.79429999999999
845,18,20046.777777777777,3.0,7.0,300.25,94.79429999999999
846,18,20046.78125,3.3,7.8,300.15,95.16006
847,18,20046.784722222223,2.8,4.7,300.15,94.97718
848,18,20046.788194444445,2.7,7.3,300.25,94.33709999999999
849,19,20046.791666666668,3.3,7.7,300.04999999999995,94.70286
850,19,20046.79513888889,3.4,9.1,300.04999999999995,94.88573999999998
851,19,20046.79861111111,3.2,8.4,300.04999999999995,94.97718
852,19,20046.802083333332,3.2,6.1,299.95,95.06862
853,19,20046.805555555555,3.2,6.0,300.04999999999995,95.2515
854,19,20046.809027777777,3.5,9.1,299.95,95.16006
855,19,20046.8125,3.3,7.0,299.95,95.43438
856,19,20046.815972222223,3.7,8.2,300.04999999999995,95.06862
857,19,20046.819444444445,3.4,7.0,300.04999999999995,95.06862
858,19,20046.822916666668,3.9,10.8,299.95,95.52582
859,19,20046.82638888889,3.7,7.8,299.95,95.7087
860,19,20046.82986111111,4.2,11.4,299.84999999999997,95.7087
861,20,20046.833333333332,4.5,11.4,299.95,95.43438
862,20,20046.836805555555,4.2,10.2,299.95,95.43438
863,20,20046.840277777777,4.0,10.7,299.95,95.52582
864,20,20046.84375,4.3,11.7,299.95,95.34293999999998
865,20,20046.847222222223,4.5,10.6,299.95,95.34293999999998
866,20,20046.850694444445,4.5,9.2,299.95,95.61726
867,20,20046.854166666668,4.7,11.2,299.95,96.1659
868,20,20046.85763888889,5.2,13.0,299.95,96.1659
869,20,20046.86111111111,5.1,11.4,299.95,95.80013999999998
870,20,20046.864583333332,4.8,12.1,299.95,96.1659
871,20,20046.868055555555,4.9,11.3,299.95,96.25733999999999
872,20,20046.871527777777,4.9,11.5,299.95,96.1659
873,21,20046.875,5.1,10.2,299.95,96.1659
874,21,20046.878472222223,5.7,11.6,299.95,96.25733999999999
875,21,20046.881944444445,5.8,14.5,299.95,96.25733999999999
876,21,20046.885416666668,6.8,18.0,300.04999999999995,96.07446
877,21,20046.88888888889,7.6,15.4,300.04999999999995,96.07446
878,21,20046.89236111111,6.9,13.4,299.95,96.07446
879,21,20046.895833333332,8.3,17.4,300.04999999999995,96.07446
880,21,20046.899305555555,7.8,16.3,300.04999999999995,95.98302
881,21,20046.902777777777,7.8,15.5,300.04999999999995,96.25733999999999
882,21,20046.90625,8.5,16.7,299.95,96.44022
883,21,20046.909722222223,9.3,18.9,300.04999999999995,96.25733999999999
884,21,20046.913194444445,9.4,21.9,300.04999999999995,96.53166
885,22,20046.916666666668,9.2,17.2,300.04999999999995,96.53166
886,22,20046.92013888889,8.5,16.2,300.04999999999995,84.82733999999999
887,22,20046.92361111111,8.3,16.4,300.04999999999995,96.25733999999999
888,22,20046.927083333332,8.8,17.1,300.04999999999995,96.6231
889,22,20046.930555555555,8.3,16.9,300.04999999999995,96.44022
890,22,20046.934027777777,8.0,18.0,300.15,96.44022
891,22,20046.9375,7.8,16.1,300.15,96.53166
892,22,20046.940972222223,8.4,17.3,300.15,96.34878
893,22,20046.944444444445,7.6,20.7,300.15,96.1659
894,22,20046.947916666668,8.0,20.5,300.15,94.70286
895,22,20046.95138888889,7.2,19.7,300.04999999999995,96.71453999999999
896,22,20046.95486111111,7.5,20.3,300.04999999999995,96.80597999999999
897,23,20046.958333333332,6.9,15.2,300.04999999999995,96.25733999999999
898,23,20046.961805555555,6.4,14.3,300.04999999999995,96.53166
899,23,20046.965277777777,7.4,18.8,300.04999999999995,96.53166
900,23,20046.96875,8.1,18.3,300.15,96.53166
901,23,20046.972222222223,7.8,19.2,300.15,96.53166
902,23,20046.975694444445,8.3,22.6,300.15,96.34878
903,23,20046.979166666668,9.3,22.3,300.04999999999995,96.53166
904,23,20046.98263888889,9.5,19.4,300.04999999999995,96.53166
905,23,20046.98611111111,9.2,19.3,300.15,96.34878
906,23,20046.989583333332,9.2,22.2,300.15,96.25733999999999
907,23,20046.993055555555,9.1,21.2,300.04999999999995,96.34878
908,23,20046.996527777777,9.7,18.5,300.15,96.6231
909,0,20047.0,10.6,21.9,300.15,96.53166
910,0,20047.003472222223,9.7,21.4,300.15,96.53166
911,0,20047.006944444445,9.3,19.0,300.15,96.71453999999999
912,0,20047.010416666668,9.8,18.5,300.04999999999995,96.71453999999999
913,0,20047.01388888889,10.3,21.7,300.15,96.53166
914,0,20047.01736111111,9.3,23.5,300.25,96.25733999999999
915,0,20047.020833333332,9.8,20.5,300.04999999999995,96.89742
916,0,20047.024305555555,9.2,18.5,300.15,96.80597999999999
917,0,20047.027777777777,8.9,19.6,300.15,96.98886
918,0,20047.03125,10.2,26.3,300.04999999999995,97.0803
919,0,20047.034722222223,9.5,21.9,300.04999999999995,96.80597999999999
920,0,20047.038194444445,9.3,21.9,300.15,96.71453999999999
921,1,20047.041666666668,9.0,18.1,299.95,96.80597999999999
922,1,20047.04513888889,9.2,23.3,299.95,96.80597999999999
923,1,20047.04861111111,9.3,20.0,300.04999999999995,97.0803
924,1,20047.052083333332,8.8,19.8,300.04999999999995,97.0803
925,1,20047.055555555555,8.6,18.7,300.04999999999995,96.71453999999999
926,1,20047.059027777777,8.9,18.7,300.04999999999995,96.6231
927,1,20047.0625,10.1,24.6,300.04999999999995,96.89742
928,1,20047.065972222223,8.8,17.4,300.04999999999995,96.53166
929,1,20047.069444444445,7.7,14.5,300.04999999999995,96.44022
930,1,20047.072916666668,8.1,17.2,300.04999999999995,96.89742
931,1,20047.07638888889,7.4,16.3,299.95,96.1659
932,1,20047.07986111111,7.4,16.5,299.95,96.1659
933,2,20047.083333333332,7.0,16.2,299.95,95.98302
934,2,20047.086805555555,7.5,13.8,299.95,95.89158
935,2,20047.090277777777,6.8,13.8,300.04999999999995,95.7087
936,2,20047.09375,7.2,18.7,299.84999999999997,95.98302
937,2,20047.097222222223,6.3,15.0,299.95,95.98302
938,2,20047.100694444445,5.7,11.0,299.95,95.61726
939,2,20047.104166666668,5.1,12.3,299.95,95.98302
940,2,20047.10763888889,5.3,14.6,299.84999999999997,96.1659
